<?xml version="1.0" encoding="ISO-8859-1"?>
<questestinterop>
	<assessment title="test1" ident="A1001">
		<section title="" ident="S1002">
			<item title="Spectrogram" ident="QUE_M" category="Chapter3">
	<itemmetadata>
<qmd_itemtype>Matching</qmd_itemtype>
</itemmetadata>
<presentation>
	<material>
	<mattext texttype="text/html"><![CDATA[For each signal described over the time period <latex>0 \le t \le 2</latex>, identify its corresponding spectrogram. The frequency axis for each plot has units of <tt>Hz</tt>.]]></mattext>
	<mattext texttype="text/html"></mattext></material>
	<response_lid ident="QUE_26_RL">
<material>
<mattext texttype="text/html"><![CDATA[<latex>\cos( 2\pi100t ) \cos( 2\pi350t )</latex>]]></mattext>
</material>
<render_choice shuffle="Yes">
<response_label ident="QUE_26_A1">
<material>
<mattext texttype="text/html"><![CDATA[]]></mattext>
</material>
</response_label>
<response_label ident="QUE_26_A2">
<material>
<mattext texttype="text/html"><![CDATA[]]></mattext>
</material>
</response_label>
<response_label ident="QUE_26_A3">
<material>
<mattext texttype="text/html"><![CDATA[]]></mattext>
</material>
</response_label>
</render_choice>
</response_lid>
<response_lid ident="QUE_31_RL">
<material>
<mattext texttype="text/html"><![CDATA[<latex>\cos( 1000 \sqrt{t} )</latex>]]></mattext>
</material>
<render_choice shuffle="Yes">
<response_label ident="QUE_31_A1">
<material>
<mattext texttype="text/html"><![CDATA[]]></mattext>
</material>
</response_label>
<response_label ident="QUE_31_A2">
<material>
<mattext texttype="text/html"><![CDATA[]]></mattext>
</material>
</response_label>
<response_label ident="QUE_31_A3">
<material>
<mattext texttype="text/html"><![CDATA[]]></mattext>
</material>
</response_label>
</render_choice>
</response_lid>
<response_lid ident="QUE_32_RL">
<material>
<mattext texttype="text/html"><![CDATA[<latex>\cos( 350\cos(2\pi t) )</latex>]]></mattext>
</material>
<render_choice shuffle="Yes">
<response_label ident="QUE_32_A1">
<material>
<mattext texttype="text/html"><![CDATA[]]></mattext>
</material>
</response_label>
<response_label ident="QUE_32_A2">
<material>
<mattext texttype="text/html"><![CDATA[]]></mattext>
</material>
</response_label>
<response_label ident="QUE_32_A3">
<material>
<mattext texttype="text/html"><![CDATA[]]></mattext>
</material>
</response_label>
</render_choice>
</response_lid>
</presentation>
<resprocessing>
<outcomes>
<decvar vartype="Integer" defaultval="0" varname="Correct" minvalue="0" maxvalue="3"/>
<decvar vartype="Integer" defaultval="0" varname="Incorrect" minvalue="0" maxvalue="3"/>
<decvar vartype="Decimal" defaultval="0" varname="que_score" minvalue="0" maxvalue="100"/>
</outcomes>
<respcondition title="Matching QUE_27_RL Resp Condition 1">
<conditionvar>
<varequal respident="QUE_27_RL">QUE_28_A1</varequal>
</conditionvar>
<setvar varname="Respondus_Correct" action="Add">1</setvar>
</respcondition>
<respcondition title="Matching QUE_27_RL Resp Condition 2">
<conditionvar>
<varequal respident="QUE_27_RL">QUE_29_A2</varequal>
</conditionvar>
<setvar varname="Respondus_Incorrect" action="Add">1</setvar>
</respcondition>
<respcondition title="Matching QUE_27_RL Resp Condition 3">
<conditionvar>
<varequal respident="QUE_27_RL">QUE_30_A3</varequal>
</conditionvar>
<setvar varname="Respondus_Incorrect" action="Add">1</setvar>
</respcondition>
<respcondition title="Matching QUE_31_RL Resp Condition 1">
<conditionvar>
<varequal respident="QUE_31_RL">QUE_28_A1</varequal>
</conditionvar>
<setvar varname="Respondus_Incorrect" action="Add">1</setvar>
</respcondition>
<respcondition title="Matching QUE_31_RL Resp Condition 2">
<conditionvar>
<varequal respident="QUE_31_RL">QUE_29_A2</varequal>
</conditionvar>
<setvar varname="Respondus_Correct" action="Add">1</setvar>
</respcondition>
<respcondition title="Matching QUE_31_RL Resp Condition 3">
<conditionvar>
<varequal respident="QUE_31_RL">QUE_30_A3</varequal>
</conditionvar>
<setvar varname="Respondus_Incorrect" action="Add">1</setvar>
</respcondition>
<respcondition title="Matching QUE_32_RL Resp Condition 1">
<conditionvar>
<varequal respident="QUE_32_RL">QUE_28_A1</varequal>
</conditionvar>
<setvar varname="Respondus_Incorrect" action="Add">1</setvar>
</respcondition>
<respcondition title="Matching QUE_32_RL Resp Condition 2">
<conditionvar>
<varequal respident="QUE_32_RL">QUE_29_A2</varequal>
</conditionvar>
<setvar varname="Respondus_Incorrect" action="Add">1</setvar>
</respcondition>
<respcondition title="Matching QUE_32_RL Resp Condition 3">
<conditionvar>
<varequal respident="QUE_32_RL">QUE_30_A3</varequal>
</conditionvar>
<setvar varname="Respondus_Correct" action="Add">1</setvar>
</respcondition>
<respcondition>
<conditionvar>
<and> <other/> <not><other/></not> </and>
</conditionvar>
<setvar varname="que_score" action="Set">0</setvar>
<setvar varname="que_score" action="Add">Correct</setvar>
<setvar varname="que_score" action="Divide">3</setvar>
</respcondition>
</resprocessing>
</item>
<item title="Spectrogram" ident="QUE_M" category="Chapter3">
	<itemmetadata>
<qmd_itemtype>Matching</qmd_itemtype>
</itemmetadata>
<presentation>
	<material>
	<mattext texttype="text/html"><![CDATA[For each signal described over the time period <latex>0 \le t \le 2</latex>, identify its corresponding spectrogram. The frequency axis for each plot has units of <code>Hz</code>.]]></mattext>
	<mattext texttype="text/html"></mattext></material>
	<response_lid ident="QUE_49_RL">
<material>
<mattext texttype="text/html"><![CDATA[<latex>\cos( 2\pi 350 t ) + \cos\left( 2\pi 350 t + \frac{\pi}{3}\right)</latex>]]></mattext>
</material>
<render_choice shuffle="Yes">
<response_label ident="QUE_49_A1">
<material>
<mattext texttype="text/html"><![CDATA[]]></mattext>
</material>
</response_label>
<response_label ident="QUE_49_A2">
<material>
<mattext texttype="text/html"><![CDATA[]]></mattext>
</material>
</response_label>
<response_label ident="QUE_49_A3">
<material>
<mattext texttype="text/html"><![CDATA[]]></mattext>
</material>
</response_label>
</render_choice>
</response_lid>
<response_lid ident="QUE_54_RL">
<material>
<mattext texttype="text/html"><![CDATA[<latex>\cos\left( 2\pi 100 t^2\right)</latex>]]></mattext>
</material>
<render_choice shuffle="Yes">
<response_label ident="QUE_54_A1">
<material>
<mattext texttype="text/html"><![CDATA[]]></mattext>
</material>
</response_label>
<response_label ident="QUE_54_A2">
<material>
<mattext texttype="text/html"><![CDATA[]]></mattext>
</material>
</response_label>
<response_label ident="QUE_54_A3">
<material>
<mattext texttype="text/html"><![CDATA[]]></mattext>
</material>
</response_label>
</render_choice>
</response_lid>
<response_lid ident="QUE_55_RL">
<material>
<mattext texttype="text/html"><![CDATA[<latex>\cos( 2\pi 100 t ) + \cos( 2\pi 350 t )</latex>]]></mattext>
</material>
<render_choice shuffle="Yes">
<response_label ident="QUE_55_A1">
<material>
<mattext texttype="text/html"><![CDATA[]]></mattext>
</material>
</response_label>
<response_label ident="QUE_55_A2">
<material>
<mattext texttype="text/html"><![CDATA[]]></mattext>
</material>
</response_label>
<response_label ident="QUE_55_A3">
<material>
<mattext texttype="text/html"><![CDATA[]]></mattext>
</material>
</response_label>
</render_choice>
</response_lid>
</presentation>
<resprocessing>
<outcomes>
<decvar vartype="Integer" defaultval="0" varname="Correct" minvalue="0" maxvalue="3"/>
<decvar vartype="Integer" defaultval="0" varname="Incorrect" minvalue="0" maxvalue="3"/>
<decvar vartype="Decimal" defaultval="0" varname="que_score" minvalue="0" maxvalue="100"/>
</outcomes>
<respcondition title="Matching QUE_50_RL Resp Condition 1">
<conditionvar>
<varequal respident="QUE_50_RL">QUE_51_A1</varequal>
</conditionvar>
<setvar varname="Respondus_Correct" action="Add">1</setvar>
</respcondition>
<respcondition title="Matching QUE_50_RL Resp Condition 2">
<conditionvar>
<varequal respident="QUE_50_RL">QUE_52_A2</varequal>
</conditionvar>
<setvar varname="Respondus_Incorrect" action="Add">1</setvar>
</respcondition>
<respcondition title="Matching QUE_50_RL Resp Condition 3">
<conditionvar>
<varequal respident="QUE_50_RL">QUE_53_A3</varequal>
</conditionvar>
<setvar varname="Respondus_Incorrect" action="Add">1</setvar>
</respcondition>
<respcondition title="Matching QUE_54_RL Resp Condition 1">
<conditionvar>
<varequal respident="QUE_54_RL">QUE_51_A1</varequal>
</conditionvar>
<setvar varname="Respondus_Incorrect" action="Add">1</setvar>
</respcondition>
<respcondition title="Matching QUE_54_RL Resp Condition 2">
<conditionvar>
<varequal respident="QUE_54_RL">QUE_52_A2</varequal>
</conditionvar>
<setvar varname="Respondus_Correct" action="Add">1</setvar>
</respcondition>
<respcondition title="Matching QUE_54_RL Resp Condition 3">
<conditionvar>
<varequal respident="QUE_54_RL">QUE_53_A3</varequal>
</conditionvar>
<setvar varname="Respondus_Incorrect" action="Add">1</setvar>
</respcondition>
<respcondition title="Matching QUE_55_RL Resp Condition 1">
<conditionvar>
<varequal respident="QUE_55_RL">QUE_51_A1</varequal>
</conditionvar>
<setvar varname="Respondus_Incorrect" action="Add">1</setvar>
</respcondition>
<respcondition title="Matching QUE_55_RL Resp Condition 2">
<conditionvar>
<varequal respident="QUE_55_RL">QUE_52_A2</varequal>
</conditionvar>
<setvar varname="Respondus_Incorrect" action="Add">1</setvar>
</respcondition>
<respcondition title="Matching QUE_55_RL Resp Condition 3">
<conditionvar>
<varequal respident="QUE_55_RL">QUE_53_A3</varequal>
</conditionvar>
<setvar varname="Respondus_Correct" action="Add">1</setvar>
</respcondition>
<respcondition>
<conditionvar>
<and> <other/> <not><other/></not> </and>
</conditionvar>
<setvar varname="que_score" action="Set">0</setvar>
<setvar varname="que_score" action="Add">Correct</setvar>
<setvar varname="que_score" action="Divide">3</setvar>
</respcondition>
</resprocessing>
</item>
<item title="Beat Notes" ident="QUE_MC" category="Chapter3">
	<itemmetadata>
						 <qmd_itemtype>MC</qmd_itemtype>
					     </itemmetadata><presentation>
	<material>
	<mattext texttype="text/html"><![CDATA[This plot was generated by the following code: 
<PRE class=MATLAB>tt = 0:1/8000:0.2;<BR>xx = cos(2*pi*tt*(800+df)) + cos(2*pi*tt*(800-df));<BR>plot(tt,xx)</PRE>
<P>Determine the value of <B><TT>df</TT></B>.</P>]]></mattext>
	<matimage imagtype="jpg" uri="/media/145/beat.jpg"/>
<mattext texttype="text/html"></mattext></material>
	<response_lid ident="QUE__RL" rcardinality="Multiple" rtiming="No">
<render_choice>
<response_label ident="QUE_145_A1">
<material>
<mattext texttype="text/html"><![CDATA[
5
]]></mattext>
</material>
</response_label>
<response_label ident="QUE_145_A2">
<material>
<mattext texttype="text/html"><![CDATA[
20
]]></mattext>
</material>
</response_label>
<response_label ident="QUE_145_A3">
<material>
<mattext texttype="text/html"><![CDATA[
0.05
]]></mattext>
</material>
</response_label>
<response_label ident="QUE_145_A4">
<material>
<mattext texttype="text/html"><![CDATA[
400
]]></mattext>
</material>
</response_label>
<response_label ident="QUE_145_A5">
<material>
<mattext texttype="text/html"><![CDATA[
10
]]></mattext>
</material>
</response_label>
</render_choice>
</response_lid>
</presentation>
<resprocessing>
<outcomes>
<decvar vartype="Integer" defaultval="0" varname="que_score" maxvalue="100" minvalue="0"/>
</outcomes>
<respcondition>
<conditionvar>
<varequal respident="QUE_145_RL">QUE_145_A1</varequal>
</conditionvar>
<setvar varname="que_score" action="Add">0</setvar>
</respcondition>
<respcondition>
<conditionvar>
<varequal respident="QUE_145_RL">QUE_145_A2</varequal>
</conditionvar>
<setvar varname="que_score" action="Add">0</setvar>
</respcondition>
<respcondition>
<conditionvar>
<varequal respident="QUE_145_RL">QUE_145_A3</varequal>
</conditionvar>
<setvar varname="que_score" action="Add">0</setvar>
</respcondition>
<respcondition>
<conditionvar>
<varequal respident="QUE_145_RL">QUE_145_A4</varequal>
</conditionvar>
<setvar varname="que_score" action="Add">0</setvar>
</respcondition>
<respcondition>
<conditionvar>
<varequal respident="QUE_145_RL">QUE_145_A5</varequal>
</conditionvar>
<setvar varname="que_score" action="Add">100</setvar>
</respcondition>

</resprocessing>
</item>
<item title="Specgram interpretation II" ident="QUE_MC" category="Chapter3">
	<itemmetadata>
						 <qmd_itemtype>MC</qmd_itemtype>
					     </itemmetadata><presentation>
	<material>
	<mattext texttype="text/html"><![CDATA[
You are given the following picture generated with
the <tt>specgram</tt> function in MATLAB.  What can you say
about the signal being represented?
]]></mattext>
	<matimage imagtype="gif" uri="/media/248/lq2b.gif"/>
<mattext texttype="text/html"></mattext></material>
	<response_lid ident="QUE__RL" rcardinality="Multiple" rtiming="No">
<render_choice>
<response_label ident="QUE_248_A1">
<material>
<mattext texttype="text/html"><![CDATA[
It is approximately  2 seconds long and is the result of two sinusoids being
<b>added</b> together.
]]></mattext>
</material>
</response_label>
<response_label ident="QUE_248_A2">
<material>
<mattext texttype="text/html"><![CDATA[
It is 1 second long and the result of the <b>addition</b> of two sinusoids.
]]></mattext>
</material>
</response_label>
<response_label ident="QUE_248_A3">
<material>
<mattext texttype="text/html"><![CDATA[
It is the result of two sinusoids being <b>concatenated</b>, and the frequency of the first one is higher.
]]></mattext>
</material>
</response_label>
<response_label ident="QUE_248_A4">
<material>
<mattext texttype="text/html"><![CDATA[
I cannot tell anything useful about the signal.
]]></mattext>
</material>
</response_label>
<response_label ident="QUE_248_A5">
<material>
<mattext texttype="text/html"><![CDATA[
It is the result of the <b>concatenation</b> of two sinusoids, and
the total length is 2 seconds (or longer).
]]></mattext>
</material>
</response_label>
</render_choice>
</response_lid>
</presentation>
<resprocessing>
<outcomes>
<decvar vartype="Integer" defaultval="0" varname="que_score" maxvalue="100" minvalue="0"/>
</outcomes>
<respcondition>
<conditionvar>
<varequal respident="QUE_248_RL">QUE_248_A1</varequal>
</conditionvar>
<setvar varname="que_score" action="Add">25</setvar>
</respcondition>
<respcondition>
<conditionvar>
<varequal respident="QUE_248_RL">QUE_248_A2</varequal>
</conditionvar>
<setvar varname="que_score" action="Add">0</setvar>
</respcondition>
<respcondition>
<conditionvar>
<varequal respident="QUE_248_RL">QUE_248_A3</varequal>
</conditionvar>
<setvar varname="que_score" action="Add">25</setvar>
</respcondition>
<respcondition>
<conditionvar>
<varequal respident="QUE_248_RL">QUE_248_A4</varequal>
</conditionvar>
<setvar varname="que_score" action="Add">0</setvar>
</respcondition>
<respcondition>
<conditionvar>
<varequal respident="QUE_248_RL">QUE_248_A5</varequal>
</conditionvar>
<setvar varname="que_score" action="Add">100</setvar>
</respcondition>

</resprocessing>
</item>
<item title="AM frequency-cosine" ident="QUE_C" category="Chapter3">
	<itemmetadata>
<qmd_itemtype>Calculated</qmd_itemtype>
</itemmetadata><presentation>
	<material>
	<mattext texttype="text/html"><![CDATA[The picture below is an AM (Amplitude Modulated) waveform that was generated by the following formula:<PRE class=ITS_Equation><latex>x(t) = \cos(2\pi f_m t) \cos(2\pi 800 t)</latex></PRE>
<P>The time between <latex>a</latex> and <latex>b</latex> is {n} (seconds). Determine the value of <latex>f_m</latex> in Hz (to 3 decimal places).</P>]]></mattext>
	<matimage imagtype="gif" uri="/media/414/beat.gif"/>
<mattext texttype="text/html"></mattext></material>
	<response_lid_formula>
<material>
<mattext texttype="text/html"><![CDATA[]]>
</mattext>
</material>
</response_lid_formula><response_lid_precision>
<material>
<mattext texttype="text/html"><![CDATA[0]]>
</mattext>
</material>
</response_lid_precision><response_lid_scoring>
<material>
<mattext texttype="text/html"><![CDATA[0]]>
</mattext>
</material>
</response_lid_scoring>
<response_lid>
	<material>
		<mattext texttype="text/html"><![CDATA[{n}]]></mattext>
	</material>

<response_label_min>
	<material>
		<mattext texttype="text/html"><![CDATA[1]]></mattext>
	</material>

</response_label_min><response_label_max>
	<material>
		<mattext texttype="text/html"><![CDATA[6]]></mattext>
	</material>

</response_label_max>
</response_lid>
</presentation>
</item>
<item title="Specgram interpretation" ident="QUE_MC" category="Chapter3">
	<itemmetadata>
						 <qmd_itemtype>MC</qmd_itemtype>
					     </itemmetadata><presentation>
	<material>
	<mattext texttype="text/html"><![CDATA[
You are given the following picture generated with
the <tt>specgram</tt> function in MATLAB.  What can you say
about the signal being represented?
]]></mattext>
	<matimage imagtype="gif" uri="/media/477/lq2a.gif"/>
<mattext texttype="text/html"></mattext></material>
	<response_lid ident="QUE__RL" rcardinality="Multiple" rtiming="No">
<render_choice>
<response_label ident="QUE_477_A1">
<material>
<mattext texttype="text/html"><![CDATA[
It is 1 second long (or more) and the result of two sinusoids being
<b>added</b> together.
]]></mattext>
</material>
</response_label>
<response_label ident="QUE_477_A2">
<material>
<mattext texttype="text/html"><![CDATA[It is 0.6 seconds long and the result of the <b>addition</b> of two sinusoids.]]></mattext>
</material>
</response_label>
<response_label ident="QUE_477_A3">
<material>
<mattext texttype="text/html"><![CDATA[
It is the result of two sinusoids being <B>concatenated,</B> and seems to be about 1 second long.
]]></mattext>
</material>
</response_label>
<response_label ident="QUE_477_A4">
<material>
<mattext texttype="text/html"><![CDATA[
I cannot tell anything useful about the signal.
]]></mattext>
</material>
</response_label>
<response_label ident="QUE_477_A5">
<material>
<mattext texttype="text/html"><![CDATA[
It is the result of the <b>concatenation</b> of two sinusoids, and
the total length is 0.5 seconds.
]]></mattext>
</material>
</response_label>
</render_choice>
</response_lid>
</presentation>
<resprocessing>
<outcomes>
<decvar vartype="Integer" defaultval="0" varname="que_score" maxvalue="100" minvalue="0"/>
</outcomes>
<respcondition>
<conditionvar>
<varequal respident="QUE_477_RL">QUE_477_A1</varequal>
</conditionvar>
<setvar varname="que_score" action="Add">100</setvar>
</respcondition>
<respcondition>
<conditionvar>
<varequal respident="QUE_477_RL">QUE_477_A2</varequal>
</conditionvar>
<setvar varname="que_score" action="Add">25</setvar>
</respcondition>
<respcondition>
<conditionvar>
<varequal respident="QUE_477_RL">QUE_477_A3</varequal>
</conditionvar>
<setvar varname="que_score" action="Add">25</setvar>
</respcondition>
<respcondition>
<conditionvar>
<varequal respident="QUE_477_RL">QUE_477_A4</varequal>
</conditionvar>
<setvar varname="que_score" action="Add">0</setvar>
</respcondition>
<respcondition>
<conditionvar>
<varequal respident="QUE_477_RL">QUE_477_A5</varequal>
</conditionvar>
<setvar varname="que_score" action="Add">0</setvar>
</respcondition>

</resprocessing>
</item>
<item title="Chirp Frequency Min 3" ident="QUE_C" category="Chapter3">
	<itemmetadata>
<qmd_itemtype>Calculated</qmd_itemtype>
</itemmetadata><presentation>
	<material>
	<mattext texttype="text/html"><![CDATA[The following MATLAB code generates a linear-FM chirp:<pre class="MATLAB">fsamp = {a};
dt  = 1/fsamp;
tt  = 0 : dt : {b};
psi = 2*pi*({c} + {d}*tt - {e}*tt.*tt);
xx  = real( {f}*exp(j*psi) );
soundsc( xx, fsamp );
</pre>What is the <b>MINIMUM instantaneous frequency in Hz</b> that this "chirped" sinusoid will attain? 
<ul class="ITS_note_units">
<li>Write your answer as an integer.</li></ul>]]></mattext>
	<mattext texttype="text/html"></mattext></material>
	<response_lid_formula>
<material>
<mattext texttype="text/html"><![CDATA[]]>
</mattext>
</material>
</response_lid_formula><response_lid_precision>
<material>
<mattext texttype="text/html"><![CDATA[0]]>
</mattext>
</material>
</response_lid_precision><response_lid_scoring>
<material>
<mattext texttype="text/html"><![CDATA[0]]>
</mattext>
</material>
</response_lid_scoring>
<response_lid>
	<material>
		<mattext texttype="text/html"><![CDATA[{a}]]></mattext>
	</material>

<response_label_min>
	<material>
		<mattext texttype="text/html"><![CDATA[8000]]></mattext>
	</material>

</response_label_min><response_label_max>
	<material>
		<mattext texttype="text/html"><![CDATA[22050]]></mattext>
	</material>

</response_label_max>
</response_lid>
<response_lid>
	<material>
		<mattext texttype="text/html"><![CDATA[{b}]]></mattext>
	</material>

<response_label_min>
	<material>
		<mattext texttype="text/html"><![CDATA[1]]></mattext>
	</material>

</response_label_min><response_label_max>
	<material>
		<mattext texttype="text/html"><![CDATA[5]]></mattext>
	</material>

</response_label_max>
</response_lid>
<response_lid>
	<material>
		<mattext texttype="text/html"><![CDATA[{e}]]></mattext>
	</material>

<response_label_min>
	<material>
		<mattext texttype="text/html"><![CDATA[40]]></mattext>
	</material>

</response_label_min><response_label_max>
	<material>
		<mattext texttype="text/html"><![CDATA[200]]></mattext>
	</material>

</response_label_max>
</response_lid>
<response_lid>
	<material>
		<mattext texttype="text/html"><![CDATA[{d}]]></mattext>
	</material>

<response_label_min>
	<material>
		<mattext texttype="text/html"><![CDATA[2500]]></mattext>
	</material>

</response_label_min><response_label_max>
	<material>
		<mattext texttype="text/html"><![CDATA[3900]]></mattext>
	</material>

</response_label_max>
</response_lid>
<response_lid>
	<material>
		<mattext texttype="text/html"><![CDATA[{c}]]></mattext>
	</material>

<response_label_min>
	<material>
		<mattext texttype="text/html"><![CDATA[5]]></mattext>
	</material>

</response_label_min><response_label_max>
	<material>
		<mattext texttype="text/html"><![CDATA[1000]]></mattext>
	</material>

</response_label_max>
</response_lid>
<response_lid>
	<material>
		<mattext texttype="text/html"><![CDATA[{f}]]></mattext>
	</material>

<response_label_min>
	<material>
		<mattext texttype="text/html"><![CDATA[1]]></mattext>
	</material>

</response_label_min><response_label_max>
	<material>
		<mattext texttype="text/html"><![CDATA[10]]></mattext>
	</material>

</response_label_max>
</response_lid>
</presentation>
</item>
<item title="Chirp Frequency - find time (1)" ident="QUE_C" category="Chapter3">
	<itemmetadata>
<qmd_itemtype>Calculated</qmd_itemtype>
</itemmetadata><presentation>
	<material>
	<mattext texttype="text/html"><![CDATA[<FONT color=red><B>NOTE</B>: analyze this code, don&#39;t run it.</FONT> <BR><BR>The following MATLAB code generates a linear-FM chirp:<PRE class=MATLAB>tt = 0:(1/80000):200;
Mu = {a}0;
Fo = {b}0;
Phi = pi/2;
xx = cos(2*pi*(Mu*tt.*tt + Fo*tt + Phi));</PRE>Determine the <B>exact time (in seconds) </B>at which the instantaneous frequency is equal to <B>{c}0 Hz</B>. 
<UL class=ITS_note_units>
<LI>The answer should be <B>numeric</B>, with 3 or more significant digits.</LI>
<LI>You can use fixed or exponential notation (e.g. 0.0015 or 1.5e-3).</LI></UL>]]></mattext>
	<mattext texttype="text/html"></mattext></material>
	<response_lid_formula>
<material>
<mattext texttype="text/html"><![CDATA[]]>
</mattext>
</material>
</response_lid_formula><response_lid_precision>
<material>
<mattext texttype="text/html"><![CDATA[0]]>
</mattext>
</material>
</response_lid_precision><response_lid_scoring>
<material>
<mattext texttype="text/html"><![CDATA[0]]>
</mattext>
</material>
</response_lid_scoring>
<response_lid>
	<material>
		<mattext texttype="text/html"><![CDATA[{c}]]></mattext>
	</material>

<response_label_min>
	<material>
		<mattext texttype="text/html"><![CDATA[120]]></mattext>
	</material>

</response_label_min><response_label_max>
	<material>
		<mattext texttype="text/html"><![CDATA[4000]]></mattext>
	</material>

</response_label_max>
</response_lid>
<response_lid>
	<material>
		<mattext texttype="text/html"><![CDATA[{b}]]></mattext>
	</material>

<response_label_min>
	<material>
		<mattext texttype="text/html"><![CDATA[50]]></mattext>
	</material>

</response_label_min><response_label_max>
	<material>
		<mattext texttype="text/html"><![CDATA[100]]></mattext>
	</material>

</response_label_max>
</response_lid>
<response_lid>
	<material>
		<mattext texttype="text/html"><![CDATA[{a}]]></mattext>
	</material>

<response_label_min>
	<material>
		<mattext texttype="text/html"><![CDATA[60]]></mattext>
	</material>

</response_label_min><response_label_max>
	<material>
		<mattext texttype="text/html"><![CDATA[99]]></mattext>
	</material>

</response_label_max>
</response_lid>
</presentation>
</item>
<item title="Specgram interpretation (2)" ident="QUE_MC" category="Chapter3">
	<itemmetadata>
						 <qmd_itemtype>MC</qmd_itemtype>
					     </itemmetadata><presentation>
	<material>
	<mattext texttype="text/html"><![CDATA[
You are given the following picture generated with
the <tt>specgram</tt> function in MATLAB.  What can you say
about the signal being represented?
]]></mattext>
	<matimage imagtype="jpg" uri="/media/917/LQuiz2-2.jpg"/>
<mattext texttype="text/html"></mattext></material>
	<response_lid ident="QUE__RL" rcardinality="Multiple" rtiming="No">
<render_choice>
<response_label ident="QUE_917_A1">
<material>
<mattext texttype="text/html"><![CDATA[
It is approximately 2 seconds long  and the result of two sinusoids being
<b>added</b> together.
]]></mattext>
</material>
</response_label>
<response_label ident="QUE_917_A2">
<material>
<mattext texttype="text/html"><![CDATA[
It is 1 second long and the result of the <b>addition</b> of two sinusoids.
]]></mattext>
</material>
</response_label>
<response_label ident="QUE_917_A3">
<material>
<mattext texttype="text/html"><![CDATA[
It is the result of two sinusoids being <B>added,</B> but it is impossible to tell how long the original signal is.
]]></mattext>
</material>
</response_label>
<response_label ident="QUE_917_A4">
<material>
<mattext texttype="text/html"><![CDATA[
I cannot tell anything useful about the signal.
]]></mattext>
</material>
</response_label>
<response_label ident="QUE_917_A5">
<material>
<mattext texttype="text/html"><![CDATA[
It is the result of the <b>concatenation</b> of two sinusoids.
]]></mattext>
</material>
</response_label>
</render_choice>
</response_lid>
</presentation>
<resprocessing>
<outcomes>
<decvar vartype="Integer" defaultval="0" varname="que_score" maxvalue="100" minvalue="0"/>
</outcomes>
<respcondition>
<conditionvar>
<varequal respident="QUE_917_RL">QUE_917_A1</varequal>
</conditionvar>
<setvar varname="que_score" action="Add">100</setvar>
</respcondition>
<respcondition>
<conditionvar>
<varequal respident="QUE_917_RL">QUE_917_A2</varequal>
</conditionvar>
<setvar varname="que_score" action="Add">40</setvar>
</respcondition>
<respcondition>
<conditionvar>
<varequal respident="QUE_917_RL">QUE_917_A3</varequal>
</conditionvar>
<setvar varname="que_score" action="Add">50</setvar>
</respcondition>
<respcondition>
<conditionvar>
<varequal respident="QUE_917_RL">QUE_917_A4</varequal>
</conditionvar>
<setvar varname="que_score" action="Add">0</setvar>
</respcondition>
<respcondition>
<conditionvar>
<varequal respident="QUE_917_RL">QUE_917_A5</varequal>
</conditionvar>
<setvar varname="que_score" action="Add">0</setvar>
</respcondition>

</resprocessing>
</item>
<item title="Specgram interpretation (6)" ident="QUE_MC" category="Chapter3">
	<itemmetadata>
						 <qmd_itemtype>MC</qmd_itemtype>
					     </itemmetadata><presentation>
	<material>
	<mattext texttype="text/html"><![CDATA[
You are given the following picture generated with
the <tt>specgram</tt> function in MATLAB.  What can you say
about the signal being represented?
]]></mattext>
	<matimage imagtype="jpg" uri="/media/1026/LQuiz2-6.jpg"/>
<mattext texttype="text/html"></mattext></material>
	<response_lid ident="QUE__RL" rcardinality="Multiple" rtiming="No">
<render_choice>
<response_label ident="QUE_1026_A1">
<material>
<mattext texttype="text/html"><![CDATA[
It is exactly 2 seconds long  and the result of two sinusoids being
<b>added</b> together.
]]></mattext>
</material>
</response_label>
<response_label ident="QUE_1026_A2">
<material>
<mattext texttype="text/html"><![CDATA[
It is 1 second long and the result of the <b>addition</b> of two sinusoids.
]]></mattext>
</material>
</response_label>
<response_label ident="QUE_1026_A3">
<material>
<mattext texttype="text/html"><![CDATA[
It is the result of two sinusoids being <B>added,</B> but I cannot tell how long the original signal is.
]]></mattext>
</material>
</response_label>
<response_label ident="QUE_1026_A4">
<material>
<mattext texttype="text/html"><![CDATA[
I cannot tell anything useful about the signal.
]]></mattext>
</material>
</response_label>
<response_label ident="QUE_1026_A5">
<material>
<mattext texttype="text/html"><![CDATA[
It is the result of the <b>concatenation</b> of two sinusoids, but I cannot tell how long the original signal is.
]]></mattext>
</material>
</response_label>
</render_choice>
</response_lid>
</presentation>
<resprocessing>
<outcomes>
<decvar vartype="Integer" defaultval="0" varname="que_score" maxvalue="100" minvalue="0"/>
</outcomes>
<respcondition>
<conditionvar>
<varequal respident="QUE_1026_RL">QUE_1026_A1</varequal>
</conditionvar>
<setvar varname="que_score" action="Add">40</setvar>
</respcondition>
<respcondition>
<conditionvar>
<varequal respident="QUE_1026_RL">QUE_1026_A2</varequal>
</conditionvar>
<setvar varname="que_score" action="Add">30</setvar>
</respcondition>
<respcondition>
<conditionvar>
<varequal respident="QUE_1026_RL">QUE_1026_A3</varequal>
</conditionvar>
<setvar varname="que_score" action="Add">100</setvar>
</respcondition>
<respcondition>
<conditionvar>
<varequal respident="QUE_1026_RL">QUE_1026_A4</varequal>
</conditionvar>
<setvar varname="que_score" action="Add">0</setvar>
</respcondition>
<respcondition>
<conditionvar>
<varequal respident="QUE_1026_RL">QUE_1026_A5</varequal>
</conditionvar>
<setvar varname="que_score" action="Add">0</setvar>
</respcondition>

</resprocessing>
</item>
<item title="Sum of cosines from spectrum plot" ident="QUE_mc" category="Chapter3">
	<itemmetadata>
						 <qmd_itemtype>MC</qmd_itemtype>
					     </itemmetadata><presentation>
	<material>
	<mattext texttype="text/html"><![CDATA[A signal <latex>x(t)</latex> has the following spectrum representation:<P>What is the equation for <latex>x(t)</latex>?]]></mattext>
	<matimage imagtype="png" uri="/media/1196/spectrum.png"/>
<mattext texttype="text/html"></mattext></material>
	<response_lid ident="QUE__RL" rcardinality="Multiple" rtiming="No">
<render_choice>
<response_label ident="QUE_1196_A1">
<material>
<mattext texttype="text/html"><![CDATA[<latex>x(t) = 0.5 + \cos(100\pi t)</latex>]]></mattext>
</material>
</response_label>
<response_label ident="QUE_1196_A2">
<material>
<mattext texttype="text/html"><![CDATA[<latex>x(t) = \cos(50\pi t)</latex>]]></mattext>
</material>
</response_label>
<response_label ident="QUE_1196_A3">
<material>
<mattext texttype="text/html"><![CDATA[<latex>x(t) = 0.5 + 1.5\cos(100\pi t)</latex>]]></mattext>
</material>
</response_label>
<response_label ident="QUE_1196_A4">
<material>
<mattext texttype="text/html"><![CDATA[<latex>x(t) = 0.5 + 3\cos(100\pi t)</latex>]]></mattext>
</material>
</response_label>
</render_choice>
</response_lid>
</presentation>
<resprocessing>
<outcomes>
<decvar vartype="Integer" defaultval="0" varname="que_score" maxvalue="100" minvalue="0"/>
</outcomes>
<respcondition>
<conditionvar>
<varequal respident="QUE_1196_RL">QUE_1196_A1</varequal>
</conditionvar>
<setvar varname="que_score" action="Add">0</setvar>
</respcondition>
<respcondition>
<conditionvar>
<varequal respident="QUE_1196_RL">QUE_1196_A2</varequal>
</conditionvar>
<setvar varname="que_score" action="Add">0</setvar>
</respcondition>
<respcondition>
<conditionvar>
<varequal respident="QUE_1196_RL">QUE_1196_A3</varequal>
</conditionvar>
<setvar varname="que_score" action="Add">0</setvar>
</respcondition>
<respcondition>
<conditionvar>
<varequal respident="QUE_1196_RL">QUE_1196_A4</varequal>
</conditionvar>
<setvar varname="que_score" action="Add">100</setvar>
</respcondition>

</resprocessing>
</item>
<item title="Fundamental frequency from spectrum plot" ident="QUE_mc" category="Chapter3">
	<itemmetadata>
						 <qmd_itemtype>MC</qmd_itemtype>
					     </itemmetadata><presentation>
	<material>
	<mattext texttype="text/html"><![CDATA[What is the <B>fundamental frequency</B> for the signal whose spectrum is shown in the figure.]]></mattext>
	<matimage imagtype="png" uri="/media/1197/spectrum2.png"/>
<mattext texttype="text/html"></mattext></material>
	<response_lid ident="QUE__RL" rcardinality="Multiple" rtiming="No">
<render_choice>
<response_label ident="QUE_1197_A1">
<material>
<mattext texttype="text/html"><![CDATA[0]]></mattext>
</material>
</response_label>
<response_label ident="QUE_1197_A2">
<material>
<mattext texttype="text/html"><![CDATA[10]]></mattext>
</material>
</response_label>
<response_label ident="QUE_1197_A3">
<material>
<mattext texttype="text/html"><![CDATA[20]]></mattext>
</material>
</response_label>
<response_label ident="QUE_1197_A4">
<material>
<mattext texttype="text/html"><![CDATA[35]]></mattext>
</material>
</response_label>
</render_choice>
</response_lid>
</presentation>
<resprocessing>
<outcomes>
<decvar vartype="Integer" defaultval="0" varname="que_score" maxvalue="100" minvalue="0"/>
</outcomes>
<respcondition>
<conditionvar>
<varequal respident="QUE_1197_RL">QUE_1197_A1</varequal>
</conditionvar>
<setvar varname="que_score" action="Add">0</setvar>
</respcondition>
<respcondition>
<conditionvar>
<varequal respident="QUE_1197_RL">QUE_1197_A2</varequal>
</conditionvar>
<setvar varname="que_score" action="Add">100</setvar>
</respcondition>
<respcondition>
<conditionvar>
<varequal respident="QUE_1197_RL">QUE_1197_A3</varequal>
</conditionvar>
<setvar varname="que_score" action="Add">0</setvar>
</respcondition>
<respcondition>
<conditionvar>
<varequal respident="QUE_1197_RL">QUE_1197_A4</varequal>
</conditionvar>
<setvar varname="que_score" action="Add">0</setvar>
</respcondition>

</resprocessing>
</item>
<item title="Chirp instantaneous frequency from Matlab plot" ident="QUE_mc" category="Chapter3">
	<itemmetadata>
						 <qmd_itemtype>MC</qmd_itemtype>
					     </itemmetadata><presentation>
	<material>
	<mattext texttype="text/html"><![CDATA[A chirp signal has the following spectrogram: 
<P>Which MATLAB code generated this signal?]]></mattext>
	<matimage imagtype="png" uri="/media/1199/spectrogram_chirp.png"/>
<mattext texttype="text/html"></mattext></material>
	<response_lid ident="QUE__RL" rcardinality="Multiple" rtiming="No">
<render_choice>
<response_label ident="QUE_1199_A1">
<material>
<mattext texttype="text/html"><![CDATA[<PRE class=MATLAB>xx = real(exp(-j*6000*pi.*tt.^2 + j*2000*pi.*tt + j*6000));<BR>spectrogram(xx,512,[],[],fsamp,<FONT class=ML_s>&#39;yaxis&#39;</FONT>);</PRE>]]></mattext>
</material>
</response_label>
<response_label ident="QUE_1199_A2">
<material>
<mattext texttype="text/html"><![CDATA[<PRE class=MATLAB>xx = real(exp(-j*2000*pi.*tt.^2 + j*4000*pi.*tt + j*200));<BR>spectrogram(xx,512,[],[],fsamp,<FONT class=ML_s>&#39;yaxis&#39;</FONT>);</PRE>]]></mattext>
</material>
</response_label>
<response_label ident="QUE_1199_A3">
<material>
<mattext texttype="text/html"><![CDATA[<PRE class=MATLAB>xx = real(exp(j*1000*pi.*tt.^2 + j*6000*pi.*tt));<BR>spectrogram(xx,512,[],[],fsamp,<FONT class=ML_s>&#39;yaxis&#39;</FONT>);</PRE>]]></mattext>
</material>
</response_label>
<response_label ident="QUE_1199_A4">
<material>
<mattext texttype="text/html"><![CDATA[<PRE class=MATLAB>xx = real(exp(-j*2000*pi.*tt.^2 + j*6000*pi.*tt + j*100));<BR>spectrogram(xx,512,[],[],fsamp,<FONT class=ML_s>&#39;yaxis&#39;</FONT>);</PRE>]]></mattext>
</material>
</response_label>
</render_choice>
</response_lid>
</presentation>
<resprocessing>
<outcomes>
<decvar vartype="Integer" defaultval="0" varname="que_score" maxvalue="100" minvalue="0"/>
</outcomes>
<respcondition>
<conditionvar>
<varequal respident="QUE_1199_RL">QUE_1199_A1</varequal>
</conditionvar>
<setvar varname="que_score" action="Add">0</setvar>
</respcondition>
<respcondition>
<conditionvar>
<varequal respident="QUE_1199_RL">QUE_1199_A2</varequal>
</conditionvar>
<setvar varname="que_score" action="Add">0</setvar>
</respcondition>
<respcondition>
<conditionvar>
<varequal respident="QUE_1199_RL">QUE_1199_A3</varequal>
</conditionvar>
<setvar varname="que_score" action="Add">0</setvar>
</respcondition>
<respcondition>
<conditionvar>
<varequal respident="QUE_1199_RL">QUE_1199_A4</varequal>
</conditionvar>
<setvar varname="que_score" action="Add">100</setvar>
</respcondition>

</resprocessing>
</item>
<item title="Fundamental frequency from spectrum plot" ident="QUE_mc" category="Chapter3">
	<itemmetadata>
						 <qmd_itemtype>MC</qmd_itemtype>
					     </itemmetadata><presentation>
	<material>
	<mattext texttype="text/html"><![CDATA[What is the <B>fundamental frequency</B> for the periodic signal with the following spectrogram.]]></mattext>
	<matimage imagtype="png" uri="/media/1200/spectrogram_periodic.png"/>
<mattext texttype="text/html"></mattext></material>
	<response_lid ident="QUE__RL" rcardinality="Multiple" rtiming="No">
<render_choice>
<response_label ident="QUE_1200_A1">
<material>
<mattext texttype="text/html"><![CDATA[<latex>100 Hz</latex>]]></mattext>
</material>
</response_label>
<response_label ident="QUE_1200_A2">
<material>
<mattext texttype="text/html"><![CDATA[<latex>250 Hz</latex>]]></mattext>
</material>
</response_label>
<response_label ident="QUE_1200_A3">
<material>
<mattext texttype="text/html"><![CDATA[<latex>500 Hz</latex>]]></mattext>
</material>
</response_label>
<response_label ident="QUE_1200_A4">
<material>
<mattext texttype="text/html"><![CDATA[<latex>1000 Hz</latex>]]></mattext>
</material>
</response_label>
<response_label ident="QUE_1200_A5">
<material>
<mattext texttype="text/html"><![CDATA[Insufficient information]]></mattext>
</material>
</response_label>
</render_choice>
</response_lid>
</presentation>
<resprocessing>
<outcomes>
<decvar vartype="Integer" defaultval="0" varname="que_score" maxvalue="100" minvalue="0"/>
</outcomes>
<respcondition>
<conditionvar>
<varequal respident="QUE_1200_RL">QUE_1200_A1</varequal>
</conditionvar>
<setvar varname="que_score" action="Add">0</setvar>
</respcondition>
<respcondition>
<conditionvar>
<varequal respident="QUE_1200_RL">QUE_1200_A2</varequal>
</conditionvar>
<setvar varname="que_score" action="Add">100</setvar>
</respcondition>
<respcondition>
<conditionvar>
<varequal respident="QUE_1200_RL">QUE_1200_A3</varequal>
</conditionvar>
<setvar varname="que_score" action="Add">0</setvar>
</respcondition>
<respcondition>
<conditionvar>
<varequal respident="QUE_1200_RL">QUE_1200_A4</varequal>
</conditionvar>
<setvar varname="que_score" action="Add">0</setvar>
</respcondition>
<respcondition>
<conditionvar>
<varequal respident="QUE_1200_RL">QUE_1200_A5</varequal>
</conditionvar>
<setvar varname="que_score" action="Add">0</setvar>
</respcondition>

</resprocessing>
</item>
<item title="Center frequency from spectrum" ident="QUE_mc" category="Chapter3">
	<itemmetadata>
						 <qmd_itemtype>MC</qmd_itemtype>
					     </itemmetadata><presentation>
	<material>
	<mattext texttype="text/html"><![CDATA[The figure shows the spectrum for the signal <pre class="ITS_Equation"><latex>x(t) = e^2\cos(5\pi t)\cos(2\pi f_c t)</latex></pre>Determine <latex>f_c</latex>.]]></mattext>
	<matimage imagtype="png" uri="/media/1201/beat_frequency.png"/>
<mattext texttype="text/html"></mattext></material>
	<response_lid ident="QUE__RL" rcardinality="Multiple" rtiming="No">
<render_choice>
<response_label ident="QUE_1201_A1">
<material>
<mattext texttype="text/html"><![CDATA[<latex>f_c = 2.5 Hz</latex>]]></mattext>
</material>
</response_label>
<response_label ident="QUE_1201_A2">
<material>
<mattext texttype="text/html"><![CDATA[<latex>f_c = 5 Hz</latex>]]></mattext>
</material>
</response_label>
<response_label ident="QUE_1201_A3">
<material>
<mattext texttype="text/html"><![CDATA[<latex>f_c = 7.5 Hz</latex>]]></mattext>
</material>
</response_label>
<response_label ident="QUE_1201_A4">
<material>
<mattext texttype="text/html"><![CDATA[<latex>f_c = 10 Hz</latex>]]></mattext>
</material>
</response_label>
<response_label ident="QUE_1201_A5">
<material>
<mattext texttype="text/html"><![CDATA[<latex>f_c = 15 Hz</latex>]]></mattext>
</material>
</response_label>
</render_choice>
</response_lid>
</presentation>
<resprocessing>
<outcomes>
<decvar vartype="Integer" defaultval="0" varname="que_score" maxvalue="100" minvalue="0"/>
</outcomes>
<respcondition>
<conditionvar>
<varequal respident="QUE_1201_RL">QUE_1201_A1</varequal>
</conditionvar>
<setvar varname="que_score" action="Add">0</setvar>
</respcondition>
<respcondition>
<conditionvar>
<varequal respident="QUE_1201_RL">QUE_1201_A2</varequal>
</conditionvar>
<setvar varname="que_score" action="Add">0</setvar>
</respcondition>
<respcondition>
<conditionvar>
<varequal respident="QUE_1201_RL">QUE_1201_A3</varequal>
</conditionvar>
<setvar varname="que_score" action="Add">100</setvar>
</respcondition>
<respcondition>
<conditionvar>
<varequal respident="QUE_1201_RL">QUE_1201_A4</varequal>
</conditionvar>
<setvar varname="que_score" action="Add">0</setvar>
</respcondition>
<respcondition>
<conditionvar>
<varequal respident="QUE_1201_RL">QUE_1201_A5</varequal>
</conditionvar>
<setvar varname="que_score" action="Add">0</setvar>
</respcondition>

</resprocessing>
</item>
<item title="Fundamental period of FM periodic signal" ident="QUE_mc" category="Chapter3">
	<itemmetadata>
						 <qmd_itemtype>MC</qmd_itemtype>
					     </itemmetadata><presentation>
	<material>
	<mattext texttype="text/html"><![CDATA[A periodic FM signal 
<pre class="ITS_Equation"><latex>s(t) = \pi^2\cos\left(100\pi t \;+\; 2\cos(4\pi t)\right)</latex></pre>
Determine the fundamental period of this signal, i.e., the shortest period.]]></mattext>
	<mattext texttype="text/html"></mattext></material>
	<response_lid ident="QUE__RL" rcardinality="Multiple" rtiming="No">
<render_choice>
<response_label ident="QUE_1202_A1">
<material>
<mattext texttype="text/html"><![CDATA[<latex>T_o = 0.01</latex>]]></mattext>
</material>
</response_label>
<response_label ident="QUE_1202_A2">
<material>
<mattext texttype="text/html"><![CDATA[<latex>T_o = 0.0192</latex>]]></mattext>
</material>
</response_label>
<response_label ident="QUE_1202_A3">
<material>
<mattext texttype="text/html"><![CDATA[<latex>T_o = 0.02</latex>]]></mattext>
</material>
</response_label>
<response_label ident="QUE_1202_A4">
<material>
<mattext texttype="text/html"><![CDATA[<latex>T_o= 0.25</latex>]]></mattext>
</material>
</response_label>
<response_label ident="QUE_1202_A5">
<material>
<mattext texttype="text/html"><![CDATA[<latex>T_o = 0.5</latex>]]></mattext>
</material>
</response_label>
</render_choice>
</response_lid>
</presentation>
<resprocessing>
<outcomes>
<decvar vartype="Integer" defaultval="0" varname="que_score" maxvalue="100" minvalue="0"/>
</outcomes>
<respcondition>
<conditionvar>
<varequal respident="QUE_1202_RL">QUE_1202_A1</varequal>
</conditionvar>
<setvar varname="que_score" action="Add">0</setvar>
</respcondition>
<respcondition>
<conditionvar>
<varequal respident="QUE_1202_RL">QUE_1202_A2</varequal>
</conditionvar>
<setvar varname="que_score" action="Add">0</setvar>
</respcondition>
<respcondition>
<conditionvar>
<varequal respident="QUE_1202_RL">QUE_1202_A3</varequal>
</conditionvar>
<setvar varname="que_score" action="Add">0</setvar>
</respcondition>
<respcondition>
<conditionvar>
<varequal respident="QUE_1202_RL">QUE_1202_A4</varequal>
</conditionvar>
<setvar varname="que_score" action="Add">0</setvar>
</respcondition>
<respcondition>
<conditionvar>
<varequal respident="QUE_1202_RL">QUE_1202_A5</varequal>
</conditionvar>
<setvar varname="que_score" action="Add">100</setvar>
</respcondition>

</resprocessing>
</item>
<item title="Chirp instantaneous frequency from Matlab code" ident="QUE_mc" category="Chapter3">
	<itemmetadata>
						 <qmd_itemtype>MC</qmd_itemtype>
					     </itemmetadata><presentation>
	<material>
	<mattext texttype="text/html"><![CDATA[A chirp signal is implemented by the following MATLAB code:<pre class="MATLAB">xx =  real( exp( -j*1000*pi.*tt.^2 + j*6000*pi.*tt + j*1000 ) );</pre>Which spectrogram is described by this signal?<p>]]></mattext>
	<mattext texttype="text/html"></mattext></material>
	<response_lid ident="QUE__RL" rcardinality="Multiple" rtiming="No">
<render_choice>
<response_label ident="QUE_2124_A1">
<material>
<mattext texttype="text/html"><![CDATA[<IMG class=ITS_IMG_ANSWER src="RESOURCE_PATH/PreLabs/spec_chirp1.png">]]></mattext>
</material>
</response_label>
<response_label ident="QUE_2124_A2">
<material>
<mattext texttype="text/html"><![CDATA[<IMG class=ITS_IMG_ANSWER src="RESOURCE_PATH/PreLabs/spec_chirp2.png">]]></mattext>
</material>
</response_label>
<response_label ident="QUE_2124_A3">
<material>
<mattext texttype="text/html"><![CDATA[<IMG class=ITS_IMG_ANSWER src="RESOURCE_PATH/PreLabs/spec_chirp3.png">]]></mattext>
</material>
</response_label>
<response_label ident="QUE_2124_A4">
<material>
<mattext texttype="text/html"><![CDATA[<IMG class=ITS_IMG_ANSWER src="RESOURCE_PATH/PreLabs/spec_chirp4.png">]]></mattext>
</material>
</response_label>
</render_choice>
</response_lid>
</presentation>
<resprocessing>
<outcomes>
<decvar vartype="Integer" defaultval="0" varname="que_score" maxvalue="100" minvalue="0"/>
</outcomes>
<respcondition>
<conditionvar>
<varequal respident="QUE_2124_RL">QUE_2124_A1</varequal>
</conditionvar>
<setvar varname="que_score" action="Add">0</setvar>
</respcondition>
<respcondition>
<conditionvar>
<varequal respident="QUE_2124_RL">QUE_2124_A2</varequal>
</conditionvar>
<setvar varname="que_score" action="Add">0</setvar>
</respcondition>
<respcondition>
<conditionvar>
<varequal respident="QUE_2124_RL">QUE_2124_A3</varequal>
</conditionvar>
<setvar varname="que_score" action="Add">0</setvar>
</respcondition>
<respcondition>
<conditionvar>
<varequal respident="QUE_2124_RL">QUE_2124_A4</varequal>
</conditionvar>
<setvar varname="que_score" action="Add">100</setvar>
</respcondition>

</resprocessing>
</item>
<item title="Fundamental frequency from spectrum plot" ident="QUE_mc" category="Chapter3">
	<itemmetadata>
						 <qmd_itemtype>MC</qmd_itemtype>
					     </itemmetadata><presentation>
	<material>
	<mattext texttype="text/html"><![CDATA[What is the <b>fundamental frequency</b> for the periodic signal whose spectrogram is shown below:]]></mattext>
	<matimage imagtype="png" uri="/media/2125/spectrogram_periodic1.png"/>
<mattext texttype="text/html"></mattext></material>
	<response_lid ident="QUE__RL" rcardinality="Multiple" rtiming="No">
<render_choice>
<response_label ident="QUE_2125_A1">
<material>
<mattext texttype="text/html"><![CDATA[<latex>250 Hz</latex>]]></mattext>
</material>
</response_label>
<response_label ident="QUE_2125_A2">
<material>
<mattext texttype="text/html"><![CDATA[<latex>500 Hz</latex>]]></mattext>
</material>
</response_label>
<response_label ident="QUE_2125_A3">
<material>
<mattext texttype="text/html"><![CDATA[<latex>1000 Hz</latex>]]></mattext>
</material>
</response_label>
<response_label ident="QUE_2125_A4">
<material>
<mattext texttype="text/html"><![CDATA[<latex>1500 Hz</latex>]]></mattext>
</material>
</response_label>
<response_label ident="QUE_2125_A5">
<material>
<mattext texttype="text/html"><![CDATA[Insufficient information]]></mattext>
</material>
</response_label>
</render_choice>
</response_lid>
</presentation>
<resprocessing>
<outcomes>
<decvar vartype="Integer" defaultval="0" varname="que_score" maxvalue="100" minvalue="0"/>
</outcomes>
<respcondition>
<conditionvar>
<varequal respident="QUE_2125_RL">QUE_2125_A1</varequal>
</conditionvar>
<setvar varname="que_score" action="Add">0</setvar>
</respcondition>
<respcondition>
<conditionvar>
<varequal respident="QUE_2125_RL">QUE_2125_A2</varequal>
</conditionvar>
<setvar varname="que_score" action="Add">100</setvar>
</respcondition>
<respcondition>
<conditionvar>
<varequal respident="QUE_2125_RL">QUE_2125_A3</varequal>
</conditionvar>
<setvar varname="que_score" action="Add">0</setvar>
</respcondition>
<respcondition>
<conditionvar>
<varequal respident="QUE_2125_RL">QUE_2125_A4</varequal>
</conditionvar>
<setvar varname="que_score" action="Add">0</setvar>
</respcondition>
<respcondition>
<conditionvar>
<varequal respident="QUE_2125_RL">QUE_2125_A5</varequal>
</conditionvar>
<setvar varname="que_score" action="Add">0</setvar>
</respcondition>

</resprocessing>
</item>
<item title="Center frequency from spectrum" ident="QUE_mc" category="Chapter3">
	<itemmetadata>
						 <qmd_itemtype>MC</qmd_itemtype>
					     </itemmetadata><presentation>
	<material>
	<mattext texttype="text/html"><![CDATA[For a periodic signal <tt>s(t)</tt>, the spectrogram shows<br>horizontal lines at the following set of frequencies<br><latex>\{ 400, 800, 1000, 2000, 2500 \} Hz</latex>.<p>Determine the fundamental period of <latex>s(t)</latex>.]]></mattext>
	<matimage imagtype="png" uri="/media/2126/ITSspecgramLab5.png"/>
<mattext texttype="text/html"></mattext></material>
	<response_lid ident="QUE__RL" rcardinality="Multiple" rtiming="No">
<render_choice>
<response_label ident="QUE_2126_A1">
<material>
<mattext texttype="text/html"><![CDATA[<latex>T_o = 10</latex> msec]]></mattext>
</material>
</response_label>
<response_label ident="QUE_2126_A2">
<material>
<mattext texttype="text/html"><![CDATA[<latex>T_o= 5</latex> msec]]></mattext>
</material>
</response_label>
<response_label ident="QUE_2126_A3">
<material>
<mattext texttype="text/html"><![CDATA[<latex>T_o = 2.5</latex> msec]]></mattext>
</material>
</response_label>
<response_label ident="QUE_2126_A4">
<material>
<mattext texttype="text/html"><![CDATA[<latex>T_o = 2</latex> msec]]></mattext>
</material>
</response_label>
<response_label ident="QUE_2126_A5">
<material>
<mattext texttype="text/html"><![CDATA[<latex>T_o= 1</latex> msec]]></mattext>
</material>
</response_label>
</render_choice>
</response_lid>
</presentation>
<resprocessing>
<outcomes>
<decvar vartype="Integer" defaultval="0" varname="que_score" maxvalue="100" minvalue="0"/>
</outcomes>
<respcondition>
<conditionvar>
<varequal respident="QUE_2126_RL">QUE_2126_A1</varequal>
</conditionvar>
<setvar varname="que_score" action="Add">100</setvar>
</respcondition>
<respcondition>
<conditionvar>
<varequal respident="QUE_2126_RL">QUE_2126_A2</varequal>
</conditionvar>
<setvar varname="que_score" action="Add">0</setvar>
</respcondition>
<respcondition>
<conditionvar>
<varequal respident="QUE_2126_RL">QUE_2126_A3</varequal>
</conditionvar>
<setvar varname="que_score" action="Add">0</setvar>
</respcondition>
<respcondition>
<conditionvar>
<varequal respident="QUE_2126_RL">QUE_2126_A4</varequal>
</conditionvar>
<setvar varname="que_score" action="Add">0</setvar>
</respcondition>
<respcondition>
<conditionvar>
<varequal respident="QUE_2126_RL">QUE_2126_A5</varequal>
</conditionvar>
<setvar varname="que_score" action="Add">0</setvar>
</respcondition>

</resprocessing>
</item>
<item title="Fundamental period of FM periodic signal" ident="QUE_mc" category="Chapter3">
	<itemmetadata>
						 <qmd_itemtype>MC</qmd_itemtype>
					     </itemmetadata><presentation>
	<material>
	<mattext texttype="text/html"><![CDATA[Given a periodic FM signal <pre class="ITS_Equation"><latex>s(t) = \pi \cos\left( 5 \cos( 5\pi t ) \right)</latex></pre>Determine the fundamental period of this signal, i.e., the shortest period.]]></mattext>
	<mattext texttype="text/html"></mattext></material>
	<response_lid ident="QUE__RL" rcardinality="Multiple" rtiming="No">
<render_choice>
<response_label ident="QUE_2127_A1">
<material>
<mattext texttype="text/html"><![CDATA[<latex>T_o = 0.04</latex>]]></mattext>
</material>
</response_label>
<response_label ident="QUE_2127_A2">
<material>
<mattext texttype="text/html"><![CDATA[<latex>T_o = 0.1</latex>]]></mattext>
</material>
</response_label>
<response_label ident="QUE_2127_A3">
<material>
<mattext texttype="text/html"><![CDATA[<latex>T_o = 0.25</latex>]]></mattext>
</material>
</response_label>
<response_label ident="QUE_2127_A4">
<material>
<mattext texttype="text/html"><![CDATA[<latex>T_o = 0.4</latex>]]></mattext>
</material>
</response_label>
<response_label ident="QUE_2127_A5">
<material>
<mattext texttype="text/html"><![CDATA[<latex>T_o = 0.5</latex>]]></mattext>
</material>
</response_label>
</render_choice>
</response_lid>
</presentation>
<resprocessing>
<outcomes>
<decvar vartype="Integer" defaultval="0" varname="que_score" maxvalue="100" minvalue="0"/>
</outcomes>
<respcondition>
<conditionvar>
<varequal respident="QUE_2127_RL">QUE_2127_A1</varequal>
</conditionvar>
<setvar varname="que_score" action="Add">0</setvar>
</respcondition>
<respcondition>
<conditionvar>
<varequal respident="QUE_2127_RL">QUE_2127_A2</varequal>
</conditionvar>
<setvar varname="que_score" action="Add">0</setvar>
</respcondition>
<respcondition>
<conditionvar>
<varequal respident="QUE_2127_RL">QUE_2127_A3</varequal>
</conditionvar>
<setvar varname="que_score" action="Add">0</setvar>
</respcondition>
<respcondition>
<conditionvar>
<varequal respident="QUE_2127_RL">QUE_2127_A4</varequal>
</conditionvar>
<setvar varname="que_score" action="Add">100</setvar>
</respcondition>
<respcondition>
<conditionvar>
<varequal respident="QUE_2127_RL">QUE_2127_A5</varequal>
</conditionvar>
<setvar varname="que_score" action="Add">0</setvar>
</respcondition>

</resprocessing>
</item>
<item title="" ident="QUE_c" category="Chapter3">
	<itemmetadata>
<qmd_itemtype>Calculated</qmd_itemtype>
</itemmetadata><presentation>
	<material>
	<mattext texttype="text/html"><![CDATA[The two-sided spectrum of a signal <latex>x(t)</latex> is shown in the figure.
<br><center>
<img src="ITS_FILES/images/question/3304/SpectrumFromHW03f11.png" width="100%">
</center><br>
If a new signal is defined as:<PRE class=ITS_Equation><latex>y(t) = x(t) \cos(50\pi t)</latex></PRE>
the spectrum of  <B><latex>y(t)</latex></B> will have a nonzero spectral line at <B><latex>\omega=30 \pi</latex></B> rad/s.
<br>
Determine the <B><tt>magnitude</tt></B> of the spectral line of <B><latex>y(t)</latex></B> at <B><latex>\omega=30 \pi </latex></B>  (to two decimal places).</P>]]></mattext>
	<mattext texttype="text/html"></mattext></material>
	<response_lid_formula>
<material>
<mattext texttype="text/html"><![CDATA[]]>
</mattext>
</material>
</response_lid_formula><response_lid_precision>
<material>
<mattext texttype="text/html"><![CDATA[0]]>
</mattext>
</material>
</response_lid_precision><response_lid_scoring>
<material>
<mattext texttype="text/html"><![CDATA[0]]>
</mattext>
</material>
</response_lid_scoring>
<response_lid>
	<material>
		<mattext texttype="text/html"><![CDATA[{n}]]></mattext>
	</material>

<response_label_min>
	<material>
		<mattext texttype="text/html"><![CDATA[1]]></mattext>
	</material>

</response_label_min><response_label_max>
	<material>
		<mattext texttype="text/html"><![CDATA[9]]></mattext>
	</material>

</response_label_max>
</response_lid>
</presentation>
</item>
<item title="AM Radio Spectrum" ident="QUE_mc" category="Chapter3">
	<itemmetadata>
						 <qmd_itemtype>MC</qmd_itemtype>
					     </itemmetadata><presentation>
	<material>
	<mattext texttype="text/html"><![CDATA[ In AM radio, the transmitted signal is voice (or music) mixed with a <i>carrier signal.</i> The carrier is a sinusoid at the assigned broadcast frequency of the AM station. <p>For example, WCNN in
Atlanta, GA, USA has a <i>carrier frequency</i> of 680 kHz.</p>
<br>If we use the
notation <latex>v(t)</latex> to denote the voice/music signal, then the actual
transmitted signal for WCNN would be expressed as:
<pre class="ITS_Equation">
 <latex>x(t) = (v(t) + A)\cos(2\pi(680\times 10^3) t)</latex>
</pre>
where <latex>A</latex> is a positive constant.
If <latex>v(t) = \cos(2\pi(3000) t + 0.3\pi)</latex>, which frequencies are present in the spectrum of the AM signal, <latex>x(t)</latex>.
<p> Pick the best answer (all frequencies are given in Hz).</p>]]></mattext>
	<mattext texttype="text/html"></mattext></material>
	<response_lid ident="QUE__RL" rcardinality="Multiple" rtiming="No">
<render_choice>
<response_label ident="QUE_3303_A1">
<material>
<mattext texttype="text/html"><![CDATA[<latex>0,\; \pm 3000,\; \pm 680\times 10^3\;</latex> Hz]]></mattext>
</material>
</response_label>
<response_label ident="QUE_3303_A2">
<material>
<mattext texttype="text/html"><![CDATA[<latex> \pm 3000,\; \pm 680\times 10^3\;</latex> Hz]]></mattext>
</material>
</response_label>
<response_label ident="QUE_3303_A3">
<material>
<mattext texttype="text/html"><![CDATA[<latex>\pm 677\times 10^3,\: \pm 680\times 10^3,\: \pm 683\times 10^3\;</latex> Hz]]></mattext>
</material>
</response_label>
<response_label ident="QUE_3303_A4">
<material>
<mattext texttype="text/html"><![CDATA[<latex>\pm 677\times 10^3,\: \pm 683\times 10^3\;</latex> Hz]]></mattext>
</material>
</response_label>
</render_choice>
</response_lid>
</presentation>
<resprocessing>
<outcomes>
<decvar vartype="Integer" defaultval="0" varname="que_score" maxvalue="100" minvalue="0"/>
</outcomes>
<respcondition>
<conditionvar>
<varequal respident="QUE_3303_RL">QUE_3303_A1</varequal>
</conditionvar>
<setvar varname="que_score" action="Add">0</setvar>
</respcondition>
<respcondition>
<conditionvar>
<varequal respident="QUE_3303_RL">QUE_3303_A2</varequal>
</conditionvar>
<setvar varname="que_score" action="Add">0</setvar>
</respcondition>
<respcondition>
<conditionvar>
<varequal respident="QUE_3303_RL">QUE_3303_A3</varequal>
</conditionvar>
<setvar varname="que_score" action="Add">100</setvar>
</respcondition>
<respcondition>
<conditionvar>
<varequal respident="QUE_3303_RL">QUE_3303_A4</varequal>
</conditionvar>
<setvar varname="que_score" action="Add">50</setvar>
</respcondition>

</resprocessing>
</item>
<item title="" ident="QUE_c" category="Chapter3">
	<itemmetadata>
<qmd_itemtype>Calculated</qmd_itemtype>
</itemmetadata><presentation>
	<material>
	<mattext texttype="text/html"><![CDATA[The two-sided spectrum of a signal <B><latex>x(t)</latex></B> is shown in the figure.
<br><center>
<img src="ITS_FILES/images/question/3304/SpectrumFromHW03f11.png" width="100%">
</center><br>
If a new signal is defined as:<PRE class=ITS_Equation><latex>y(t) = x(t - 0.0{{d}})</latex></PRE>
the spectrum of  <B><latex>y(t)</latex></B> will have a nonzero spectral line at <B><latex>\omega=30\pi</latex></B> rad/s.
<br>
Determine the <B><tt>phase</tt></B> of the spectral line of <B><latex>y(t)</latex></B> at <B><latex>\omega=30\pi</latex></B> in radians (to two decimal places between <latex>-\pi</latex> and <latex>+\pi</latex>).</P>]]></mattext>
	<mattext texttype="text/html"></mattext></material>
	<response_lid_formula>
<material>
<mattext texttype="text/html"><![CDATA[]]>
</mattext>
</material>
</response_lid_formula><response_lid_precision>
<material>
<mattext texttype="text/html"><![CDATA[0]]>
</mattext>
</material>
</response_lid_precision><response_lid_scoring>
<material>
<mattext texttype="text/html"><![CDATA[0]]>
</mattext>
</material>
</response_lid_scoring>
<response_lid>
	<material>
		<mattext texttype="text/html"><![CDATA[{d}]]></mattext>
	</material>

<response_label_min>
	<material>
		<mattext texttype="text/html"><![CDATA[1]]></mattext>
	</material>

</response_label_min><response_label_max>
	<material>
		<mattext texttype="text/html"><![CDATA[9]]></mattext>
	</material>

</response_label_max>
</response_lid>
<response_lid>
	<material>
		<mattext texttype="text/html"><![CDATA[]]></mattext>
	</material>

<response_label_min>
	<material>
		<mattext texttype="text/html"><![CDATA[0]]></mattext>
	</material>

</response_label_min><response_label_max>
	<material>
		<mattext texttype="text/html"><![CDATA[0]]></mattext>
	</material>

</response_label_max>
</response_lid>
</presentation>
</item>
<item title="Derivative Changes Spectrum Phase" ident="QUE_c" category="Chapter3">
	<itemmetadata>
<qmd_itemtype>Calculated</qmd_itemtype>
</itemmetadata><presentation>
	<material>
	<mattext texttype="text/html"><![CDATA[The two-sided spectrum of a signal <B><latex>x(t)</latex></B> is shown in the figure.
<br><center>
<img src="ITS_FILES/images/question/3304/SpectrumFromHW03f11.png" width="100%">
<br></center>
If a new signal is defined as:<PRE class=ITS_Equation><latex>y(t) = \frac{d}{dt}x(t)</latex></PRE>
the spectrum of  <B><latex>y(t)</latex></B> will have a nonzero spectral line at <B><latex>\omega=30\pi</latex></B> rad/s.
<br>
Determine the <B><tt>phase</tt></B> of the spectral line of <B><latex>y(t)</latex></B> at <B><latex>\omega=30 \pi</latex></B> in radians (to two decimal places between <latex>-\pi</latex> and <latex>+\pi</latex>).</P>]]></mattext>
	<mattext texttype="text/html"></mattext></material>
	<response_lid_formula>
<material>
<mattext texttype="text/html"><![CDATA[]]>
</mattext>
</material>
</response_lid_formula><response_lid_precision>
<material>
<mattext texttype="text/html"><![CDATA[0]]>
</mattext>
</material>
</response_lid_precision><response_lid_scoring>
<material>
<mattext texttype="text/html"><![CDATA[0]]>
</mattext>
</material>
</response_lid_scoring>
<response_lid>
	<material>
		<mattext texttype="text/html"><![CDATA[{a}]]></mattext>
	</material>

<response_label_min>
	<material>
		<mattext texttype="text/html"><![CDATA[1]]></mattext>
	</material>

</response_label_min><response_label_max>
	<material>
		<mattext texttype="text/html"><![CDATA[2]]></mattext>
	</material>

</response_label_max>
</response_lid>
</presentation>
</item>
<item title="" ident="QUE_c" category="Chapter3">
	<itemmetadata>
<qmd_itemtype>Calculated</qmd_itemtype>
</itemmetadata><presentation>
	<material>
	<mattext texttype="text/html"><![CDATA[The two-sided spectrum of a signal <B><latex>x(t)</latex></B> is shown in the figure.
<br><center>
<img src="ITS_FILES/images/question/3304/SpectrumFromHW03f11.png" width="100%">
</center><br>
If a new signal is defined as:<PRE class=ITS_Equation><latex>y(t) = \frac{d}{dt}x(t)</latex></PRE>
the spectrum of  <B><latex>y(t)</latex></B> will have a nonzero spectral line at <B><latex>\omega={{a}}\pi</latex></B> rad/s.
<br>
Determine the <B><tt>magnitude</tt></B> of the spectral line of <B><latex>y(t)</latex></B> at <B><latex>\omega={{a}}\pi</latex></B> in radians (to two decimal places).</P>]]></mattext>
	<mattext texttype="text/html"></mattext></material>
	<response_lid_formula>
<material>
<mattext texttype="text/html"><![CDATA[]]>
</mattext>
</material>
</response_lid_formula><response_lid_precision>
<material>
<mattext texttype="text/html"><![CDATA[0]]>
</mattext>
</material>
</response_lid_precision><response_lid_scoring>
<material>
<mattext texttype="text/html"><![CDATA[0]]>
</mattext>
</material>
</response_lid_scoring>
<response_lid>
	<material>
		<mattext texttype="text/html"><![CDATA[{a}]]></mattext>
	</material>

<response_label_min>
	<material>
		<mattext texttype="text/html"><![CDATA[80]]></mattext>
	</material>

</response_label_min><response_label_max>
	<material>
		<mattext texttype="text/html"><![CDATA[80]]></mattext>
	</material>

</response_label_max>
</response_lid>
</presentation>
</item>
<item title="" ident="QUE_c" category="Chapter3">
	<itemmetadata>
<qmd_itemtype>Calculated</qmd_itemtype>
</itemmetadata><presentation>
	<material>
	<mattext texttype="text/html"><![CDATA[The two-sided spectrum of a signal <B><latex>x(t)</latex></B> is shown in the figure.
<br><center>
<img src="ITS_FILES/images/question/3304/SpectrumFromHW03f11.png" width="100%">
</center><br>
If a new signal is defined as:<PRE class=ITS_Equation><latex>y(t) = x(t - 0.0{{D}})</latex></PRE>
the spectrum of  <B><latex>y(t)</latex></B> will have a nonzero spectral line at <B><latex>\omega=80\pi</latex></B> rad/s.
<br>
Determine the <B><tt>magnitude</tt></B> of the spectral line of <B><latex>y(t)</latex></B> at <B><latex>\omega=80\pi</latex></B> in radians (to two decimal places).</P>]]></mattext>
	<mattext texttype="text/html"></mattext></material>
	<response_lid_formula>
<material>
<mattext texttype="text/html"><![CDATA[]]>
</mattext>
</material>
</response_lid_formula><response_lid_precision>
<material>
<mattext texttype="text/html"><![CDATA[0]]>
</mattext>
</material>
</response_lid_precision><response_lid_scoring>
<material>
<mattext texttype="text/html"><![CDATA[0]]>
</mattext>
</material>
</response_lid_scoring>
<response_lid>
	<material>
		<mattext texttype="text/html"><![CDATA[{D}]]></mattext>
	</material>

<response_label_min>
	<material>
		<mattext texttype="text/html"><![CDATA[1]]></mattext>
	</material>

</response_label_min><response_label_max>
	<material>
		<mattext texttype="text/html"><![CDATA[9]]></mattext>
	</material>

</response_label_max>
</response_lid>
</presentation>
</item>
<item title="" ident="QUE_c" category="Chapter3">
	<itemmetadata>
<qmd_itemtype>Calculated</qmd_itemtype>
</itemmetadata><presentation>
	<material>
	<mattext texttype="text/html"><![CDATA[The two-sided spectrum of a signal <B><latex>x(t)</latex></B> is shown in the figure.
<br>
<center><img src="ITS_FILES/images/question/3304/SpectrumFromHW03f11.png" width="100%"></center>
<br>
If a new signal is defined as:<PRE class=ITS_Equation><latex>y(t) \;=\; x(t) \cos(25\pi t)</latex></PRE>
the spectrum of  <B><latex>y(t)</latex></B> will have a nonzero spectral line at <latex>\omega=55\pi</latex> rad/s.
<br>
Determine the <B><tt>phase</tt></B> of the spectral line of <B><latex>y(t)</latex></B> at <latex>\omega=55\pi</latex> (to two decimal places between <latex>-\pi</latex> and <latex>+\pi</latex>).</P>]]></mattext>
	<mattext texttype="text/html"></mattext></material>
	<response_lid_formula>
<material>
<mattext texttype="text/html"><![CDATA[]]>
</mattext>
</material>
</response_lid_formula><response_lid_precision>
<material>
<mattext texttype="text/html"><![CDATA[0]]>
</mattext>
</material>
</response_lid_precision><response_lid_scoring>
<material>
<mattext texttype="text/html"><![CDATA[0]]>
</mattext>
</material>
</response_lid_scoring>
<response_lid>
	<material>
		<mattext texttype="text/html"><![CDATA[{a}]]></mattext>
	</material>

<response_label_min>
	<material>
		<mattext texttype="text/html"><![CDATA[1]]></mattext>
	</material>

</response_label_min><response_label_max>
	<material>
		<mattext texttype="text/html"><![CDATA[9]]></mattext>
	</material>

</response_label_max>
</response_lid>
</presentation>
</item>
<item title="" ident="QUE_c" category="Chapter3">
	<itemmetadata>
<qmd_itemtype>Calculated</qmd_itemtype>
</itemmetadata><presentation>
	<material>
	<mattext texttype="text/html"><![CDATA[The two-sided spectrum of a signal <B><latex>x(t)</latex></B> is shown in the figure.
<br><center>
<img src="ITS_FILES/images/question/3304/SpectrumFromHW03f11.png" width="100%">
</center><br>
If a new signal is defined as:<PRE class=ITS_Equation><latex>y(t) = x(t) \cos(30\pi t)</latex></PRE>
the spectrum of  <B><latex>y(t)</latex></B> will have a nonzero spectral line at <latex>\omega=0</latex> rad/s, i.e., at DC.
<br>
Determine the <B><tt>magnitude</tt></B> of the spectral line of <B><latex>y(t)</latex></B> at <latex>\omega=0</latex> (to two decimal places).</P>]]></mattext>
	<mattext texttype="text/html"></mattext></material>
	<response_lid_formula>
<material>
<mattext texttype="text/html"><![CDATA[]]>
</mattext>
</material>
</response_lid_formula><response_lid_precision>
<material>
<mattext texttype="text/html"><![CDATA[0]]>
</mattext>
</material>
</response_lid_precision><response_lid_scoring>
<material>
<mattext texttype="text/html"><![CDATA[0]]>
</mattext>
</material>
</response_lid_scoring>
<response_lid>
	<material>
		<mattext texttype="text/html"><![CDATA[{a}]]></mattext>
	</material>

<response_label_min>
	<material>
		<mattext texttype="text/html"><![CDATA[1]]></mattext>
	</material>

</response_label_min><response_label_max>
	<material>
		<mattext texttype="text/html"><![CDATA[9]]></mattext>
	</material>

</response_label_max>
</response_lid>
</presentation>
</item>
<item title="" ident="QUE_c" category="Chapter3">
	<itemmetadata>
<qmd_itemtype>Calculated</qmd_itemtype>
</itemmetadata><presentation>
	<material>
	<mattext texttype="text/html"><![CDATA[The two-sided spectrum of a signal <B><latex>x(t)</latex></B> is shown in the figure.
<br><center>
<img src="ITS_FILES/images/question/3304/SpectrumFromHW03f11.png" width="100%">
</center><br>
If a new signal is defined as:<PRE class=ITS_Equation><latex>y(t) = x(t) \cos(50\pi t)</latex></PRE>
the spectrum of  <B><latex>y(t)</latex></B> will have a nonzero spectral line at <B><latex>\omega=80\pi</latex></B> rad/s.
<br>
Determine the <B><tt>magnitude</tt></B> of the spectral line of <B><latex>y(t)</latex></B> at <B><latex>\omega=80\pi</latex></B>  (to two decimal places).</P>]]></mattext>
	<mattext texttype="text/html"></mattext></material>
	<response_lid_formula>
<material>
<mattext texttype="text/html"><![CDATA[]]>
</mattext>
</material>
</response_lid_formula><response_lid_precision>
<material>
<mattext texttype="text/html"><![CDATA[0]]>
</mattext>
</material>
</response_lid_precision><response_lid_scoring>
<material>
<mattext texttype="text/html"><![CDATA[0]]>
</mattext>
</material>
</response_lid_scoring>
<response_lid>
	<material>
		<mattext texttype="text/html"><![CDATA[{a}]]></mattext>
	</material>

<response_label_min>
	<material>
		<mattext texttype="text/html"><![CDATA[1]]></mattext>
	</material>

</response_label_min><response_label_max>
	<material>
		<mattext texttype="text/html"><![CDATA[9]]></mattext>
	</material>

</response_label_max>
</response_lid>
</presentation>
</item>
<item title="" ident="QUE_c" category="Chapter3">
	<itemmetadata>
<qmd_itemtype>Calculated</qmd_itemtype>
</itemmetadata><presentation>
	<material>
	<mattext texttype="text/html"><![CDATA[The two-sided spectrum of a signal <latex>x(t)</latex> is shown in the figure, where the frequency axis has units of hertz.
<br><center>
<img src="ITS_FILES/images/question/3329/Spectrum3Lines.png" width="100%">
</center><br>
In the time domain, this signal can be written as:<PRE class=ITS_Equation><latex>x(t) = A_1\cos(\omega_1 (t - D)) + A_2\cos(\omega_2 t) + A_3\cos(40\pi t + \varphi) + A_4</latex></PRE>
<br>
Determine the <B><tt>numerical value</tt></B> of  <B><tt>D</tt></B>  in <u>milliseconds</u> (to two decimal places).</P>]]></mattext>
	<mattext texttype="text/html"></mattext></material>
	<response_lid_formula>
<material>
<mattext texttype="text/html"><![CDATA[]]>
</mattext>
</material>
</response_lid_formula><response_lid_precision>
<material>
<mattext texttype="text/html"><![CDATA[0]]>
</mattext>
</material>
</response_lid_precision><response_lid_scoring>
<material>
<mattext texttype="text/html"><![CDATA[0]]>
</mattext>
</material>
</response_lid_scoring>
<response_lid>
	<material>
		<mattext texttype="text/html"><![CDATA[{Q}]]></mattext>
	</material>

<response_label_min>
	<material>
		<mattext texttype="text/html"><![CDATA[4]]></mattext>
	</material>

</response_label_min><response_label_max>
	<material>
		<mattext texttype="text/html"><![CDATA[4]]></mattext>
	</material>

</response_label_max>
</response_lid>
<response_lid>
	<material>
		<mattext texttype="text/html"><![CDATA[{f}]]></mattext>
	</material>

<response_label_min>
	<material>
		<mattext texttype="text/html"><![CDATA[50]]></mattext>
	</material>

</response_label_min><response_label_max>
	<material>
		<mattext texttype="text/html"><![CDATA[50]]></mattext>
	</material>

</response_label_max>
</response_lid>
</presentation>
</item>
<item title="" ident="QUE_c" category="Chapter3">
	<itemmetadata>
<qmd_itemtype>Calculated</qmd_itemtype>
</itemmetadata><presentation>
	<material>
	<mattext texttype="text/html"><![CDATA[The two-sided spectrum of a signal <latex>x(t)</latex> is shown in the figure, where the frequency axis has units of hertz.
<br><center>
<img src="ITS_FILES/images/question/3329/Spectrum3Lines.png" width="100%"> 
</center><br>
If a new signal <B><latex>y(t)</latex></B> is defined as:<PRE class=ITS_Equation><latex>y(t) = x(t) \cos(100\pi t + \frac{\pi}{12})</latex></PRE>
In the spectrum of <B><latex>y(t)</latex></B>, determine the <B><tt>numerical value of the DC component</tt></B>  (to two decimal places).
<br>Note: if the DC value is negative, include the minus sign in your answer.</P>]]></mattext>
	<mattext texttype="text/html"></mattext></material>
	<response_lid_formula>
<material>
<mattext texttype="text/html"><![CDATA[]]>
</mattext>
</material>
</response_lid_formula><response_lid_precision>
<material>
<mattext texttype="text/html"><![CDATA[0]]>
</mattext>
</material>
</response_lid_precision><response_lid_scoring>
<material>
<mattext texttype="text/html"><![CDATA[0]]>
</mattext>
</material>
</response_lid_scoring>
<response_lid>
	<material>
		<mattext texttype="text/html"><![CDATA[{A}]]></mattext>
	</material>

<response_label_min>
	<material>
		<mattext texttype="text/html"><![CDATA[6]]></mattext>
	</material>

</response_label_min><response_label_max>
	<material>
		<mattext texttype="text/html"><![CDATA[6]]></mattext>
	</material>

</response_label_max>
</response_lid>
<response_lid>
	<material>
		<mattext texttype="text/html"><![CDATA[{Q}]]></mattext>
	</material>

<response_label_min>
	<material>
		<mattext texttype="text/html"><![CDATA[12]]></mattext>
	</material>

</response_label_min><response_label_max>
	<material>
		<mattext texttype="text/html"><![CDATA[12]]></mattext>
	</material>

</response_label_max>
</response_lid>
</presentation>
</item>
<item title="" ident="QUE_c" category="Chapter3">
	<itemmetadata>
<qmd_itemtype>Calculated</qmd_itemtype>
</itemmetadata><presentation>
	<material>
	<mattext texttype="text/html"><![CDATA[The two-sided spectrum of a signal <B><latex>x(t)</latex></B> is shown in the figure, where the frequency axis has units of hertz.
<br><center>
<img src="ITS_FILES/images/question/3329/Spectrum3Lines.png" width="100%"> 
</center><br>
If a new signal <B><latex>y(t)</latex></B> is defined as:<PRE class=ITS_Equation><latex>y(t) = x(t) \cos(40\pi t + \pi/4)</latex></PRE>
<br>
In the spectrum of <B><latex>y(t)</latex></B>, determine the <B><tt>numerical value of the DC component</tt></B>  (to two decimal places).
<br>Note: if the DC value is negative, include the minus sign in your answer.</P>]]></mattext>
	<mattext texttype="text/html"></mattext></material>
	<response_lid_formula>
<material>
<mattext texttype="text/html"><![CDATA[]]>
</mattext>
</material>
</response_lid_formula><response_lid_precision>
<material>
<mattext texttype="text/html"><![CDATA[0]]>
</mattext>
</material>
</response_lid_precision><response_lid_scoring>
<material>
<mattext texttype="text/html"><![CDATA[0]]>
</mattext>
</material>
</response_lid_scoring>
<response_lid>
	<material>
		<mattext texttype="text/html"><![CDATA[{A}]]></mattext>
	</material>

<response_label_min>
	<material>
		<mattext texttype="text/html"><![CDATA[4]]></mattext>
	</material>

</response_label_min><response_label_max>
	<material>
		<mattext texttype="text/html"><![CDATA[4]]></mattext>
	</material>

</response_label_max>
</response_lid>
<response_lid>
	<material>
		<mattext texttype="text/html"><![CDATA[{Q}]]></mattext>
	</material>

<response_label_min>
	<material>
		<mattext texttype="text/html"><![CDATA[-3]]></mattext>
	</material>

</response_label_min><response_label_max>
	<material>
		<mattext texttype="text/html"><![CDATA[-3]]></mattext>
	</material>

</response_label_max>
</response_lid>
</presentation>
</item>
<item title="" ident="QUE_c" category="Chapter3">
	<itemmetadata>
<qmd_itemtype>Calculated</qmd_itemtype>
</itemmetadata><presentation>
	<material>
	<mattext texttype="text/html"><![CDATA[The two-sided spectrum of a signal <B><latex>x(t)</latex></B> is shown in the figure, where the frequency axis has units of hertz.
<br><center>
<img src="ITS_FILES/images/question/3329/Spectrum3Lines.png" width="100%"> 
</center><br>
If a new signal <B><latex>y(t)</latex></B> is defined as:<PRE class=ITS_Equation><latex>y(t) = -5 \,+\, \frac{d}{dt} x(t)</latex></PRE>
<br>
In the spectrum of <B><latex>y(t)</latex></B>, determine the <B><tt>numerical value of the DC component</tt></B>  (to two decimal places).
<br>Note: if the DC value is negative, include the minus sign in your answer.</P>]]></mattext>
	<mattext texttype="text/html"></mattext></material>
	<response_lid_formula>
<material>
<mattext texttype="text/html"><![CDATA[]]>
</mattext>
</material>
</response_lid_formula><response_lid_precision>
<material>
<mattext texttype="text/html"><![CDATA[0]]>
</mattext>
</material>
</response_lid_precision><response_lid_scoring>
<material>
<mattext texttype="text/html"><![CDATA[0]]>
</mattext>
</material>
</response_lid_scoring>
<response_lid>
	<material>
		<mattext texttype="text/html"><![CDATA[{Q}]]></mattext>
	</material>

<response_label_min>
	<material>
		<mattext texttype="text/html"><![CDATA[-5]]></mattext>
	</material>

</response_label_min><response_label_max>
	<material>
		<mattext texttype="text/html"><![CDATA[-5]]></mattext>
	</material>

</response_label_max>
</response_lid>
</presentation>
</item>
<item title="" ident="QUE_c" category="Chapter3">
	<itemmetadata>
<qmd_itemtype>Calculated</qmd_itemtype>
</itemmetadata><presentation>
	<material>
	<mattext texttype="text/html"><![CDATA[The two-sided spectrum of a signal <B><latex>x(t)</latex></B> is shown in the figure.
<br><center>
<img src="ITS_FILES/images/question/3304/SpectrumFromHW03f11.png" width="100%">
</center><br>
If a new signal is defined by squaring <B><latex>x(t)</latex></B>, i.e.,<PRE class=ITS_Equation><latex>y(t) = \left(x(t)\right)^2</latex></PRE>
Determine the <B><tt>DC value</tt></B> of the spectrum of <B><latex>y(t)</latex></B>
<br> Give a numerical value with at least two decimal places.</P>]]></mattext>
	<mattext texttype="text/html"></mattext></material>
	<response_lid_formula>
<material>
<mattext texttype="text/html"><![CDATA[]]>
</mattext>
</material>
</response_lid_formula><response_lid_precision>
<material>
<mattext texttype="text/html"><![CDATA[0]]>
</mattext>
</material>
</response_lid_precision><response_lid_scoring>
<material>
<mattext texttype="text/html"><![CDATA[0]]>
</mattext>
</material>
</response_lid_scoring>
<response_lid>
	<material>
		<mattext texttype="text/html"><![CDATA[{A}]]></mattext>
	</material>

<response_label_min>
	<material>
		<mattext texttype="text/html"><![CDATA[5]]></mattext>
	</material>

</response_label_min><response_label_max>
	<material>
		<mattext texttype="text/html"><![CDATA[5]]></mattext>
	</material>

</response_label_max>
</response_lid>
<response_lid>
	<material>
		<mattext texttype="text/html"><![CDATA[{B}]]></mattext>
	</material>

<response_label_min>
	<material>
		<mattext texttype="text/html"><![CDATA[3]]></mattext>
	</material>

</response_label_min><response_label_max>
	<material>
		<mattext texttype="text/html"><![CDATA[3]]></mattext>
	</material>

</response_label_max>
</response_lid>
<response_lid>
	<material>
		<mattext texttype="text/html"><![CDATA[{C}]]></mattext>
	</material>

<response_label_min>
	<material>
		<mattext texttype="text/html"><![CDATA[2]]></mattext>
	</material>

</response_label_min><response_label_max>
	<material>
		<mattext texttype="text/html"><![CDATA[2]]></mattext>
	</material>

</response_label_max>
</response_lid>
</presentation>
</item>
</section>
</assessment>
</questestinterop>
