<?xml version="1.0" encoding="ISO-8859-1"?>
<questestinterop>
	<assessment title="test1" ident="A1001">
		<section title="" ident="S1002">
			<item title="Spectrogram" ident="QUE_M" category="QTITEST">
	<itemmetadata>
<qmd_itemtype>Matching</qmd_itemtype>
</itemmetadata>
<presentation>
	<material>
	<mattext texttype="text/html"><![CDATA[For each signal described over the time period <latex>0 \le t \le 2</latex>, identify its corresponding spectrogram. The frequency axis for each plot has units of <tt>Hz</tt>.]]></mattext>
	<mattext texttype="text/html"></mattext></material>
	<response_lid ident="QUE_27_RL">
<material>
<mattext texttype="text/html"><![CDATA[<latex>\cos( 2\pi100t ) \cos( 2\pi350t )</latex>]]></mattext>
</material>
<render_choice shuffle="Yes">
<response_label ident="QUE_28_A1">
<material>
<mattext texttype="text/html"><![CDATA[<img src="/ITS_FILES/images/spec2.png">]]></mattext>
</material>
</response_label>
<response_label ident="QUE_29_A2">
<material>
<mattext texttype="text/html"><![CDATA[<img src="RESOURCE_PATH/images/spec1.png">]]></mattext>
</material>
</response_label>
<response_label ident="QUE_30_A3">
<material>
<mattext texttype="text/html"><![CDATA[<img src="RESOURCE_PATH/images/spec5.png">]]></mattext>
</material>
</response_label>
</render_choice>
</response_lid>
<response_lid ident="QUE_31_RL">
<material>
<mattext texttype="text/html"><![CDATA[<latex>\cos( 1000 \sqrt{t} )</latex>]]></mattext>
</material>
<render_choice shuffle="Yes">
<response_label ident="QUE_28_A1">
<material>
<mattext texttype="text/html"><![CDATA[<img src="/ITS_FILES/images/spec2.png">]]></mattext>
</material>
</response_label>
<response_label ident="QUE_29_A2">
<material>
<mattext texttype="text/html"><![CDATA[<img src="RESOURCE_PATH/images/spec1.png">]]></mattext>
</material>
</response_label>
<response_label ident="QUE_30_A3">
<material>
<mattext texttype="text/html"><![CDATA[<img src="RESOURCE_PATH/images/spec5.png">]]></mattext>
</material>
</response_label>
</render_choice>
</response_lid>
<response_lid ident="QUE_32_RL">
<material>
<mattext texttype="text/html"><![CDATA[<latex>\cos( 350\cos(2\pi t) )</latex>]]></mattext>
</material>
<render_choice shuffle="Yes">
<response_label ident="QUE_28_A1">
<material>
<mattext texttype="text/html"><![CDATA[<img src="/ITS_FILES/images/spec2.png">]]></mattext>
</material>
</response_label>
<response_label ident="QUE_29_A2">
<material>
<mattext texttype="text/html"><![CDATA[<img src="RESOURCE_PATH/images/spec1.png">]]></mattext>
</material>
</response_label>
<response_label ident="QUE_30_A3">
<material>
<mattext texttype="text/html"><![CDATA[<img src="RESOURCE_PATH/images/spec5.png">]]></mattext>
</material>
</response_label>
</render_choice>
</response_lid>
</presentation>
<resprocessing>
<outcomes>
<decvar vartype="Integer" defaultval="0" varname="Correct" minvalue="0" maxvalue="3"/>
<decvar vartype="Integer" defaultval="0" varname="Incorrect" minvalue="0" maxvalue="3"/>
<decvar vartype="Decimal" defaultval="0" varname="que_score" minvalue="0" maxvalue="100"/>
</outcomes>
<respcondition title="Matching QUE_27_RL Resp Condition 1">
<conditionvar>
<varequal respident="QUE_27_RL">QUE_28_A1</varequal>
</conditionvar>
<setvar varname="Respondus_Correct" action="Add">1</setvar>
</respcondition>
<respcondition title="Matching QUE_27_RL Resp Condition 2">
<conditionvar>
<varequal respident="QUE_27_RL">QUE_29_A2</varequal>
</conditionvar>
<setvar varname="Respondus_Incorrect" action="Add">1</setvar>
</respcondition>
<respcondition title="Matching QUE_27_RL Resp Condition 3">
<conditionvar>
<varequal respident="QUE_27_RL">QUE_30_A3</varequal>
</conditionvar>
<setvar varname="Respondus_Incorrect" action="Add">1</setvar>
</respcondition>
<respcondition title="Matching QUE_31_RL Resp Condition 1">
<conditionvar>
<varequal respident="QUE_31_RL">QUE_28_A1</varequal>
</conditionvar>
<setvar varname="Respondus_Incorrect" action="Add">1</setvar>
</respcondition>
<respcondition title="Matching QUE_31_RL Resp Condition 2">
<conditionvar>
<varequal respident="QUE_31_RL">QUE_29_A2</varequal>
</conditionvar>
<setvar varname="Respondus_Correct" action="Add">1</setvar>
</respcondition>
<respcondition title="Matching QUE_31_RL Resp Condition 3">
<conditionvar>
<varequal respident="QUE_31_RL">QUE_30_A3</varequal>
</conditionvar>
<setvar varname="Respondus_Incorrect" action="Add">1</setvar>
</respcondition>
<respcondition title="Matching QUE_32_RL Resp Condition 1">
<conditionvar>
<varequal respident="QUE_32_RL">QUE_28_A1</varequal>
</conditionvar>
<setvar varname="Respondus_Incorrect" action="Add">1</setvar>
</respcondition>
<respcondition title="Matching QUE_32_RL Resp Condition 2">
<conditionvar>
<varequal respident="QUE_32_RL">QUE_29_A2</varequal>
</conditionvar>
<setvar varname="Respondus_Incorrect" action="Add">1</setvar>
</respcondition>
<respcondition title="Matching QUE_32_RL Resp Condition 3">
<conditionvar>
<varequal respident="QUE_32_RL">QUE_30_A3</varequal>
</conditionvar>
<setvar varname="Respondus_Correct" action="Add">1</setvar>
</respcondition>
<respcondition>
<conditionvar>
<and> <other/> <not><other/></not> </and>
</conditionvar>
<setvar varname="que_score" action="Set">0</setvar>
<setvar varname="que_score" action="Add">Correct</setvar>
<setvar varname="que_score" action="Divide">3</setvar>
</respcondition>
</resprocessing>
</item>
</section>
</assessment>
</questestinterop>
